sale_id,store_id,product_id,customer_id,quantity,unit_price,discount_pct,sale_date
1,1,1,3,1,3999.00,5.00,2024-01-03
2,1,6,1,1,5299.00,0.00,2024-01-05
3,1,11,22,1,1399.00,5.00,2024-01-07
4,1,16,5,1,1399.00,0.00,2024-01-09
5,1,21,9,1,2999.00,5.00,2024-01-11
6,1,3,26,1,3199.00,0.00,2024-01-13
7,1,25,13,2,149.00,0.00,2024-01-14
8,1,12,8,1,999.00,0.00,2024-01-16
9,1,4,17,1,1599.00,5.00,2024-01-18
10,1,27,21,1,399.00,0.00,2024-01-20
11,1,7,2,1,8299.00,5.00,2024-01-22
12,1,17,10,1,1099.00,0.00,2024-01-24
13,1,22,14,1,4399.00,5.00,2024-01-25
14,1,13,29,1,1299.00,5.00,2024-01-27
15,1,8,15,1,5499.00,0.00,2024-01-29
16,1,26,19,2,109.00,0.00,2024-01-30
17,1,2,6,1,5499.00,10.00,2024-02-02
18,1,9,24,1,4899.00,5.00,2024-02-04
19,1,14,11,2,399.00,0.00,2024-02-06
20,1,18,28,1,2599.00,5.00,2024-02-08
21,1,23,7,1,3499.00,10.00,2024-02-10
22,1,5,20,1,2799.00,5.00,2024-02-12
23,1,28,4,1,399.00,0.00,2024-02-14
24,1,1,16,1,3999.00,0.00,2024-02-16
25,1,19,30,1,649.00,5.00,2024-02-18
26,1,6,23,1,5299.00,0.00,2024-02-20
27,1,12,1,1,999.00,5.00,2024-02-22
28,1,29,12,3,69.00,0.00,2024-02-23
29,1,24,18,1,1299.00,0.00,2024-02-25
30,1,3,27,1,3199.00,5.00,2024-02-27
31,1,7,5,1,8299.00,5.00,2024-03-02
32,1,16,22,1,1399.00,0.00,2024-03-04
33,1,11,9,1,1399.00,5.00,2024-03-06
34,1,4,26,2,1599.00,10.00,2024-03-08
35,1,21,3,1,2999.00,5.00,2024-03-10
36,1,25,13,3,149.00,0.00,2024-03-11
37,1,8,17,1,5499.00,0.00,2024-03-13
38,1,27,21,1,399.00,5.00,2024-03-15
39,1,1,8,1,3999.00,0.00,2024-03-17
40,1,17,14,1,1099.00,5.00,2024-03-19
41,1,30,2,2,89.00,0.00,2024-03-20
42,1,9,15,1,4899.00,5.00,2024-03-22
43,1,22,10,1,4399.00,0.00,2024-03-24
44,1,13,29,1,1299.00,5.00,2024-03-26
45,1,5,19,1,2799.00,0.00,2024-03-28
46,1,20,6,1,279.00,0.00,2024-03-30
47,1,2,1,1,5499.00,5.00,2024-04-02
48,1,18,24,1,2599.00,0.00,2024-04-04
49,1,6,11,1,5299.00,5.00,2024-04-06
50,1,14,28,2,399.00,10.00,2024-04-08
51,1,23,7,1,3499.00,5.00,2024-04-10
52,1,26,20,2,109.00,0.00,2024-04-11
53,1,3,16,1,3199.00,0.00,2024-04-13
54,1,19,30,1,649.00,5.00,2024-04-15
55,1,12,4,1,999.00,0.00,2024-04-17
56,1,7,23,1,8299.00,10.00,2024-04-19
57,1,29,12,2,69.00,0.00,2024-04-20
58,1,1,18,1,3999.00,0.00,2024-04-22
59,1,16,27,1,1399.00,5.00,2024-04-24
60,1,24,9,1,1299.00,0.00,2024-04-26
61,1,11,15,1,1399.00,5.00,2024-04-28
62,1,8,2,1,5499.00,0.00,2024-05-02
63,1,21,13,1,2999.00,5.00,2024-05-04
64,1,5,26,1,2799.00,0.00,2024-05-06
65,1,17,5,1,1099.00,0.00,2024-05-08
66,1,27,22,1,399.00,5.00,2024-05-10
67,1,4,10,1,1599.00,10.00,2024-05-12
68,1,13,8,1,1299.00,0.00,2024-05-14
69,1,22,17,1,4399.00,5.00,2024-05-15
70,1,30,3,3,89.00,0.00,2024-05-17
71,1,9,21,1,4899.00,0.00,2024-05-19
72,1,15,29,1,549.00,5.00,2024-05-21
73,1,1,6,1,3999.00,0.00,2024-05-23
74,1,25,14,2,149.00,0.00,2024-05-24
75,1,18,19,1,2599.00,5.00,2024-05-26
76,1,6,11,1,5299.00,5.00,2024-05-28
77,1,3,24,1,3199.00,0.00,2024-06-02
78,1,12,7,1,999.00,5.00,2024-06-04
79,1,23,20,1,3499.00,10.00,2024-06-05
80,1,16,28,1,1399.00,0.00,2024-06-07
81,1,7,4,1,8299.00,5.00,2024-06-09
82,1,19,16,1,649.00,0.00,2024-06-11
83,1,26,30,3,109.00,0.00,2024-06-12
84,1,2,23,1,5499.00,5.00,2024-06-14
85,1,14,12,1,399.00,5.00,2024-06-16
86,1,8,27,1,5499.00,0.00,2024-06-18
87,1,21,1,1,2999.00,5.00,2024-06-20
88,1,29,9,2,69.00,0.00,2024-06-21
89,1,5,18,1,2799.00,0.00,2024-06-23
90,1,11,15,1,1399.00,5.00,2024-06-25
91,1,24,10,1,1299.00,0.00,2024-06-27
92,1,17,2,1,1099.00,5.00,2024-06-29
93,1,6,5,1,5299.00,0.00,2024-07-02
94,1,13,22,1,1299.00,5.00,2024-07-04
95,1,1,26,1,3999.00,0.00,2024-07-06
96,1,22,3,1,4399.00,10.00,2024-07-08
97,1,27,13,2,399.00,5.00,2024-07-09
98,1,9,21,1,4899.00,5.00,2024-07-11
99,1,16,8,1,1399.00,0.00,2024-07-13
100,1,30,17,2,89.00,0.00,2024-07-14
101,1,4,29,1,1599.00,10.00,2024-07-16
102,1,12,6,1,999.00,5.00,2024-07-18
103,1,20,14,1,279.00,0.00,2024-07-20
104,1,7,11,1,8299.00,5.00,2024-07-22
105,1,18,19,1,2599.00,0.00,2024-07-24
106,1,23,24,1,3499.00,5.00,2024-07-25
107,1,3,28,1,3199.00,0.00,2024-07-27
108,1,15,4,1,549.00,5.00,2024-07-29
109,1,25,7,3,149.00,0.00,2024-07-31
110,1,2,20,1,5499.00,5.00,2024-08-02
111,1,11,16,1,1399.00,0.00,2024-08-04
112,1,8,30,1,5499.00,5.00,2024-08-06
113,1,21,23,1,2999.00,0.00,2024-08-08
114,1,5,12,1,2799.00,5.00,2024-08-09
115,1,26,27,2,109.00,0.00,2024-08-11
116,1,17,1,1,1099.00,5.00,2024-08-13
117,1,1,9,1,3999.00,0.00,2024-08-15
118,1,13,18,1,1299.00,5.00,2024-08-16
119,1,22,15,1,4399.00,10.00,2024-08-18
120,1,29,5,2,69.00,0.00,2024-08-20
121,1,6,22,1,5299.00,0.00,2024-08-22
122,1,19,10,1,649.00,5.00,2024-08-24
123,1,24,3,1,1299.00,0.00,2024-08-25
124,1,14,26,2,399.00,10.00,2024-08-27
125,1,9,8,1,4899.00,5.00,2024-08-29
126,1,3,11,1,3199.00,0.00,2024-09-02
127,1,16,29,1,1399.00,5.00,2024-09-04
128,1,7,6,1,8299.00,10.00,2024-09-06
129,1,12,21,1,999.00,0.00,2024-09-07
130,1,23,14,1,3499.00,5.00,2024-09-09
131,1,27,4,1,399.00,0.00,2024-09-11
132,1,1,24,1,3999.00,0.00,2024-09-13
133,1,18,19,1,2599.00,5.00,2024-09-15
134,1,30,28,3,89.00,0.00,2024-09-16
135,1,5,17,1,2799.00,0.00,2024-09-18
136,1,22,2,1,4399.00,5.00,2024-09-20
137,1,15,7,1,549.00,5.00,2024-09-22
138,1,8,13,1,5499.00,0.00,2024-09-24
139,1,20,20,1,279.00,0.00,2024-09-25
140,1,2,30,1,5499.00,5.00,2024-09-27
141,1,11,16,1,1399.00,0.00,2024-09-29
142,1,6,23,1,5299.00,5.00,2024-10-02
143,1,9,5,1,4899.00,0.00,2024-10-04
144,1,17,12,1,1099.00,5.00,2024-10-05
145,1,24,27,1,1299.00,0.00,2024-10-07
146,1,4,1,1,1599.00,10.00,2024-10-09
147,1,21,9,1,2999.00,5.00,2024-10-11
148,1,13,15,1,1299.00,0.00,2024-10-13
149,1,25,18,2,149.00,0.00,2024-10-14
150,1,7,22,1,8299.00,5.00,2024-10-16
151,1,29,8,3,69.00,0.00,2024-10-18
152,1,3,26,1,3199.00,0.00,2024-10-20
153,1,16,14,1,1399.00,5.00,2024-10-22
154,1,23,19,1,3499.00,10.00,2024-10-23
155,1,1,11,1,3999.00,0.00,2024-10-25
156,1,26,24,2,109.00,0.00,2024-10-27
157,1,12,6,1,999.00,5.00,2024-10-29
158,1,18,29,1,2599.00,0.00,2024-10-31
159,1,2,3,1,5499.00,15.00,2024-11-02
160,1,7,10,1,8299.00,15.00,2024-11-04
161,1,6,17,1,5299.00,10.00,2024-11-06
162,1,22,21,1,4399.00,15.00,2024-11-07
163,1,8,25,1,5499.00,10.00,2024-11-09
164,1,11,4,1,1399.00,10.00,2024-11-11
165,1,5,20,1,2799.00,5.00,2024-11-13
166,1,9,2,1,4899.00,10.00,2024-11-14
167,1,21,16,1,2999.00,5.00,2024-11-16
168,1,13,28,1,1299.00,5.00,2024-11-18
169,1,1,7,1,3999.00,10.00,2024-11-20
170,1,2,13,1,5499.00,20.00,2024-11-22
171,1,7,29,1,8299.00,20.00,2024-11-24
172,1,6,5,1,5299.00,15.00,2024-11-25
173,1,8,22,1,5499.00,20.00,2024-11-27
174,1,3,11,1,3199.00,10.00,2024-11-29
175,1,16,15,1,1399.00,10.00,2024-11-30
176,1,7,1,1,8299.00,10.00,2024-12-02
177,1,2,9,1,5499.00,5.00,2024-12-04
178,1,6,24,1,5299.00,5.00,2024-12-05
179,1,22,14,1,4399.00,10.00,2024-12-07
180,1,9,18,1,4899.00,5.00,2024-12-09
181,1,8,27,1,5499.00,10.00,2024-12-11
182,1,1,3,1,3999.00,0.00,2024-12-13
183,1,21,19,1,2999.00,5.00,2024-12-14
184,1,11,6,1,1399.00,5.00,2024-12-16
185,1,5,23,1,2799.00,0.00,2024-12-18
186,1,13,17,1,1299.00,5.00,2024-12-19
187,1,17,10,1,1099.00,0.00,2024-12-21
188,1,24,26,1,1299.00,5.00,2024-12-22
189,1,25,20,3,149.00,0.00,2024-12-23
190,1,3,12,1,3199.00,5.00,2024-12-26
191,1,30,28,4,89.00,0.00,2024-12-28
192,1,12,2,1,999.00,0.00,2024-12-30
193,2,2,1,1,5699.00,0.00,2024-01-04
194,2,7,4,1,8599.00,5.00,2024-01-06
195,2,6,9,1,5499.00,0.00,2024-01-08
196,2,22,16,1,4599.00,5.00,2024-01-10
197,2,8,25,1,5699.00,0.00,2024-01-12
198,2,18,2,1,2699.00,5.00,2024-01-14
199,2,12,10,1,1099.00,0.00,2024-01-15
200,2,1,21,1,4199.00,0.00,2024-01-17
201,2,16,14,1,1499.00,5.00,2024-01-19
202,2,21,5,1,3199.00,0.00,2024-01-21
203,2,11,28,1,1499.00,5.00,2024-01-23
204,2,27,18,1,449.00,0.00,2024-01-25
205,2,9,23,1,5099.00,5.00,2024-01-27
206,2,13,15,1,1399.00,0.00,2024-01-29
207,2,7,3,1,8599.00,10.00,2024-02-03
208,2,2,17,1,5699.00,5.00,2024-02-05
209,2,22,6,1,4599.00,10.00,2024-02-07
210,2,6,11,1,5499.00,5.00,2024-02-09
211,2,18,24,1,2699.00,0.00,2024-02-11
212,2,12,29,1,1099.00,5.00,2024-02-13
213,2,8,7,1,5699.00,0.00,2024-02-14
214,2,1,20,1,4199.00,5.00,2024-02-16
215,2,28,13,1,449.00,0.00,2024-02-18
216,2,21,1,1,3199.00,0.00,2024-02-20
217,2,16,27,1,1499.00,5.00,2024-02-22
218,2,5,22,1,2899.00,5.00,2024-02-24
219,2,30,8,2,99.00,0.00,2024-02-25
220,2,9,19,1,5099.00,5.00,2024-02-27
221,2,7,26,1,8599.00,5.00,2024-03-03
222,2,2,4,1,5699.00,0.00,2024-03-05
223,2,6,12,1,5499.00,5.00,2024-03-07
224,2,22,15,1,4599.00,0.00,2024-03-09
225,2,18,10,1,2699.00,5.00,2024-03-10
226,2,8,21,1,5699.00,0.00,2024-03-12
227,2,11,16,1,1499.00,5.00,2024-03-14
228,2,1,5,1,4199.00,0.00,2024-03-16
229,2,23,30,1,3599.00,10.00,2024-03-17
230,2,21,14,1,3199.00,5.00,2024-03-19
231,2,27,28,1,449.00,0.00,2024-03-21
232,2,9,2,1,5099.00,5.00,2024-03-23
233,2,16,25,1,1499.00,0.00,2024-03-25
234,2,13,18,1,1399.00,5.00,2024-03-27
235,2,5,9,1,2899.00,0.00,2024-03-29
236,2,7,23,1,8599.00,10.00,2024-04-03
237,2,2,1,1,5699.00,5.00,2024-04-05
238,2,6,17,1,5499.00,0.00,2024-04-07
239,2,22,6,1,4599.00,5.00,2024-04-08
240,2,18,11,1,2699.00,0.00,2024-04-10
241,2,12,24,1,1099.00,5.00,2024-04-12
242,2,8,3,1,5699.00,0.00,2024-04-14
243,2,1,22,1,4199.00,5.00,2024-04-16
244,2,21,15,1,3199.00,0.00,2024-04-18
245,2,29,27,2,79.00,0.00,2024-04-19
246,2,9,20,1,5099.00,5.00,2024-04-21
247,2,16,7,1,1499.00,0.00,2024-04-23
248,2,23,29,1,3599.00,5.00,2024-04-25
249,2,11,13,1,1499.00,5.00,2024-04-27
250,2,24,4,1,1399.00,0.00,2024-04-29
251,2,7,10,1,8599.00,5.00,2024-05-03
252,2,2,18,1,5699.00,0.00,2024-05-05
253,2,6,26,1,5499.00,5.00,2024-05-07
254,2,22,8,1,4599.00,10.00,2024-05-08
255,2,18,19,1,2699.00,5.00,2024-05-10
256,2,8,14,1,5699.00,0.00,2024-05-12
257,2,1,2,1,4199.00,0.00,2024-05-14
258,2,21,25,1,3199.00,5.00,2024-05-15
259,2,27,1,1,449.00,0.00,2024-05-17
260,2,9,16,1,5099.00,5.00,2024-05-19
261,2,16,5,1,1499.00,0.00,2024-05-21
262,2,13,12,1,1399.00,5.00,2024-05-23
263,2,25,30,2,169.00,0.00,2024-05-24
264,2,5,21,1,2899.00,0.00,2024-05-26
265,2,23,17,1,3599.00,5.00,2024-05-28
266,2,7,28,1,8599.00,5.00,2024-06-03
267,2,2,6,1,5699.00,0.00,2024-06-05
268,2,6,11,1,5499.00,5.00,2024-06-06
269,2,22,24,1,4599.00,5.00,2024-06-08
270,2,18,3,1,2699.00,0.00,2024-06-10
271,2,8,9,1,5699.00,5.00,2024-06-12
272,2,1,20,1,4199.00,0.00,2024-06-14
273,2,12,15,1,1099.00,5.00,2024-06-15
274,2,21,4,1,3199.00,0.00,2024-06-17
275,2,9,22,1,5099.00,5.00,2024-06-19
276,2,16,27,1,1499.00,0.00,2024-06-21
277,2,11,13,1,1499.00,5.00,2024-06-23
278,2,23,7,1,3599.00,10.00,2024-06-24
279,2,28,18,1,449.00,0.00,2024-06-26
280,2,5,10,1,2899.00,5.00,2024-06-28
281,2,7,1,1,8599.00,5.00,2024-07-03
282,2,2,26,1,5699.00,0.00,2024-07-05
283,2,6,14,1,5499.00,5.00,2024-07-06
284,2,22,29,1,4599.00,10.00,2024-07-08
285,2,18,5,1,2699.00,5.00,2024-07-10
286,2,8,19,1,5699.00,0.00,2024-07-12
287,2,1,23,1,4199.00,0.00,2024-07-14
288,2,21,11,1,3199.00,5.00,2024-07-15
289,2,9,8,1,5099.00,5.00,2024-07-17
290,2,16,16,1,1499.00,0.00,2024-07-19
291,2,13,25,1,1399.00,5.00,2024-07-21
292,2,23,30,1,3599.00,5.00,2024-07-22
293,2,27,2,1,449.00,0.00,2024-07-24
294,2,11,12,1,1499.00,5.00,2024-07-26
295,2,5,21,1,2899.00,0.00,2024-07-28
296,2,24,17,1,1399.00,0.00,2024-07-30
297,2,7,3,1,8599.00,10.00,2024-08-03
298,2,2,27,1,5699.00,5.00,2024-08-05
299,2,6,6,1,5499.00,0.00,2024-08-06
300,2,22,15,1,4599.00,5.00,2024-08-08
301,2,18,9,1,2699.00,0.00,2024-08-10
302,2,8,4,1,5699.00,5.00,2024-08-12
303,2,1,28,1,4199.00,0.00,2024-08-13
304,2,21,20,1,3199.00,5.00,2024-08-15
305,2,9,13,1,5099.00,0.00,2024-08-17
306,2,16,1,1,1499.00,5.00,2024-08-19
307,2,23,22,1,3599.00,10.00,2024-08-20
308,2,11,14,1,1499.00,5.00,2024-08-22
309,2,13,7,1,1399.00,0.00,2024-08-24
310,2,29,26,2,79.00,0.00,2024-08-25
311,2,5,11,1,2899.00,5.00,2024-08-27
312,2,12,18,1,1099.00,0.00,2024-08-29
313,2,7,10,1,8599.00,5.00,2024-09-03
314,2,2,16,1,5699.00,0.00,2024-09-05
315,2,6,29,1,5499.00,5.00,2024-09-06
316,2,22,2,1,4599.00,5.00,2024-09-08
317,2,18,24,1,2699.00,0.00,2024-09-10
318,2,8,17,1,5699.00,5.00,2024-09-12
319,2,1,21,1,4199.00,0.00,2024-09-13
320,2,21,5,1,3199.00,5.00,2024-09-15
321,2,9,12,1,5099.00,0.00,2024-09-17
322,2,16,25,1,1499.00,5.00,2024-09-19
323,2,23,8,1,3599.00,10.00,2024-09-20
324,2,11,20,1,1499.00,5.00,2024-09-22
325,2,27,3,1,449.00,0.00,2024-09-24
326,2,13,19,1,1399.00,5.00,2024-09-26
327,2,5,6,1,2899.00,0.00,2024-09-28
328,2,30,27,2,99.00,0.00,2024-09-29
329,2,7,23,1,8599.00,5.00,2024-10-03
330,2,2,4,1,5699.00,0.00,2024-10-05
331,2,6,13,1,5499.00,5.00,2024-10-06
332,2,22,30,1,4599.00,5.00,2024-10-08
333,2,18,1,1,2699.00,0.00,2024-10-10
334,2,8,15,1,5699.00,5.00,2024-10-12
335,2,1,26,1,4199.00,0.00,2024-10-13
336,2,21,18,1,3199.00,5.00,2024-10-15
337,2,9,11,1,5099.00,0.00,2024-10-17
338,2,16,9,1,1499.00,5.00,2024-10-19
339,2,23,22,1,3599.00,10.00,2024-10-20
340,2,11,7,1,1499.00,5.00,2024-10-22
341,2,13,2,1,1399.00,0.00,2024-10-24
342,2,5,16,1,2899.00,5.00,2024-10-26
343,2,24,14,1,1399.00,0.00,2024-10-27
344,2,28,28,1,449.00,0.00,2024-10-29
345,2,7,5,1,8599.00,15.00,2024-11-03
346,2,2,20,1,5699.00,10.00,2024-11-05
347,2,6,17,1,5499.00,10.00,2024-11-06
348,2,22,1,1,4599.00,15.00,2024-11-08
349,2,8,25,1,5699.00,10.00,2024-11-10
350,2,9,12,1,5099.00,10.00,2024-11-12
351,2,1,29,1,4199.00,5.00,2024-11-14
352,2,21,8,1,3199.00,10.00,2024-11-15
353,2,6,23,1,5499.00,20.00,2024-11-22
354,2,7,14,1,8599.00,20.00,2024-11-22
355,2,2,19,1,5699.00,20.00,2024-11-24
356,2,22,3,1,4599.00,15.00,2024-11-25
357,2,8,10,1,5699.00,15.00,2024-11-27
358,2,9,26,1,5099.00,10.00,2024-11-28
359,2,16,21,1,1499.00,10.00,2024-11-29
360,2,11,18,1,1499.00,10.00,2024-11-30
361,2,13,7,1,1399.00,10.00,2024-11-30
362,2,7,15,1,8599.00,10.00,2024-12-03
363,2,2,11,1,5699.00,5.00,2024-12-05
364,2,6,24,1,5499.00,5.00,2024-12-06
365,2,22,16,1,4599.00,10.00,2024-12-08
366,2,8,2,1,5699.00,5.00,2024-12-10
367,2,9,27,1,5099.00,0.00,2024-12-12
368,2,1,5,1,4199.00,5.00,2024-12-13
369,2,21,30,1,3199.00,5.00,2024-12-15
370,2,23,22,1,3599.00,5.00,2024-12-17
371,2,18,13,1,2699.00,0.00,2024-12-18
372,2,11,9,1,1499.00,5.00,2024-12-20
373,2,13,20,1,1399.00,0.00,2024-12-22
374,2,16,4,1,1499.00,5.00,2024-12-23
375,2,27,17,1,449.00,0.00,2024-12-24
376,2,5,1,1,2899.00,5.00,2024-12-26
377,2,24,28,1,1399.00,0.00,2024-12-28
378,2,12,6,1,1099.00,5.00,2024-12-30
379,3,4,31,1,1699.00,5.00,2024-01-04
380,3,11,37,1,1399.00,0.00,2024-01-06
381,3,1,43,1,3999.00,5.00,2024-01-08
382,3,17,49,1,1099.00,0.00,2024-01-10
383,3,14,55,2,399.00,10.00,2024-01-12
384,3,25,61,2,149.00,0.00,2024-01-13
385,3,3,67,1,3199.00,5.00,2024-01-15
386,3,20,73,1,279.00,0.00,2024-01-17
387,3,16,79,1,1399.00,5.00,2024-01-19
388,3,27,34,1,399.00,0.00,2024-01-21
389,3,5,40,1,2799.00,5.00,2024-01-23
390,3,12,46,1,999.00,0.00,2024-01-25
391,3,29,52,3,69.00,0.00,2024-01-26
392,3,21,58,1,2999.00,5.00,2024-01-28
393,3,19,64,1,649.00,0.00,2024-01-30
394,3,3,70,1,3199.00,0.00,2024-02-03
395,3,17,76,1,1099.00,5.00,2024-02-05
396,3,4,32,1,1699.00,10.00,2024-02-07
397,3,11,38,1,1399.00,0.00,2024-02-08
398,3,14,44,1,399.00,5.00,2024-02-10
399,3,1,50,1,3999.00,0.00,2024-02-12
400,3,21,56,1,2999.00,5.00,2024-02-14
401,3,25,62,2,149.00,0.00,2024-02-15
402,3,16,68,1,1399.00,0.00,2024-02-17
403,3,27,74,1,399.00,5.00,2024-02-19
404,3,5,80,1,2799.00,0.00,2024-02-21
405,3,19,35,1,649.00,5.00,2024-02-23
406,3,12,41,1,999.00,0.00,2024-02-25
407,3,20,47,1,279.00,0.00,2024-02-27
408,3,3,53,1,3199.00,5.00,2024-03-03
409,3,1,59,1,3999.00,0.00,2024-03-05
410,3,17,65,1,1099.00,5.00,2024-03-06
411,3,4,71,2,1699.00,10.00,2024-03-08
412,3,11,77,1,1399.00,0.00,2024-03-10
413,3,21,33,1,2999.00,5.00,2024-03-12
414,3,16,39,1,1399.00,0.00,2024-03-14
415,3,14,45,2,399.00,10.00,2024-03-15
416,3,27,51,1,399.00,5.00,2024-03-17
417,3,25,57,2,149.00,0.00,2024-03-19
418,3,5,63,1,2799.00,0.00,2024-03-21
419,3,12,69,1,999.00,5.00,2024-03-23
420,3,19,75,1,649.00,0.00,2024-03-24
421,3,30,31,2,89.00,0.00,2024-03-26
422,3,20,37,1,279.00,0.00,2024-03-28
423,3,3,43,1,3199.00,0.00,2024-04-03
424,3,1,49,1,3999.00,5.00,2024-04-05
425,3,4,55,1,1699.00,0.00,2024-04-06
426,3,17,61,1,1099.00,5.00,2024-04-08
427,3,11,67,1,1399.00,0.00,2024-04-10
428,3,21,73,1,2999.00,5.00,2024-04-12
429,3,16,79,1,1399.00,0.00,2024-04-13
430,3,25,34,2,149.00,0.00,2024-04-15
431,3,14,40,1,399.00,5.00,2024-04-17
432,3,5,46,1,2799.00,0.00,2024-04-19
433,3,12,52,1,999.00,5.00,2024-04-21
434,3,27,58,1,399.00,0.00,2024-04-22
435,3,19,64,1,649.00,5.00,2024-04-24
436,3,29,70,2,69.00,0.00,2024-04-26
437,3,20,76,1,279.00,0.00,2024-04-28
438,3,3,32,1,3199.00,0.00,2024-05-03
439,3,1,38,1,3999.00,5.00,2024-05-05
440,3,4,44,1,1699.00,5.00,2024-05-06
441,3,17,50,1,1099.00,0.00,2024-05-08
442,3,11,56,1,1399.00,5.00,2024-05-10
443,3,21,62,1,2999.00,0.00,2024-05-12
444,3,16,68,1,1399.00,5.00,2024-05-13
445,3,25,74,2,149.00,0.00,2024-05-15
446,3,14,80,1,399.00,5.00,2024-05-17
447,3,5,35,1,2799.00,0.00,2024-05-19
448,3,12,41,1,999.00,5.00,2024-05-20
449,3,27,47,1,399.00,0.00,2024-05-22
450,3,30,53,2,89.00,0.00,2024-05-24
451,3,19,59,1,649.00,0.00,2024-05-26
452,3,20,65,1,279.00,5.00,2024-05-28
453,3,3,71,1,3199.00,5.00,2024-06-03
454,3,1,77,1,3999.00,0.00,2024-06-05
455,3,4,33,1,1699.00,5.00,2024-06-06
456,3,17,39,1,1099.00,0.00,2024-06-08
457,3,11,45,1,1399.00,5.00,2024-06-10
458,3,21,51,1,2999.00,0.00,2024-06-11
459,3,16,57,1,1399.00,5.00,2024-06-13
460,3,14,63,2,399.00,10.00,2024-06-15
461,3,5,69,1,2799.00,0.00,2024-06-17
462,3,12,75,1,999.00,5.00,2024-06-18
463,3,27,31,1,399.00,0.00,2024-06-20
464,3,25,37,2,149.00,0.00,2024-06-22
465,3,19,43,1,649.00,5.00,2024-06-24
466,3,29,49,2,69.00,0.00,2024-06-25
467,3,20,55,1,279.00,0.00,2024-06-27
468,3,3,61,1,3199.00,0.00,2024-07-03
469,3,1,67,1,3999.00,5.00,2024-07-05
470,3,17,73,1,1099.00,0.00,2024-07-06
471,3,4,79,1,1699.00,5.00,2024-07-08
472,3,11,34,1,1399.00,0.00,2024-07-10
473,3,21,40,1,2999.00,5.00,2024-07-11
474,3,16,46,1,1399.00,0.00,2024-07-13
475,3,25,52,2,149.00,0.00,2024-07-15
476,3,14,58,1,399.00,5.00,2024-07-17
477,3,5,64,1,2799.00,0.00,2024-07-18
478,3,12,70,1,999.00,5.00,2024-07-20
479,3,27,76,1,399.00,0.00,2024-07-22
480,3,19,32,1,649.00,5.00,2024-07-24
481,3,30,38,2,89.00,0.00,2024-07-25
482,3,20,44,1,279.00,0.00,2024-07-27
483,3,3,50,1,3199.00,5.00,2024-08-03
484,3,1,56,1,3999.00,0.00,2024-08-05
485,3,4,62,1,1699.00,5.00,2024-08-06
486,3,17,68,1,1099.00,0.00,2024-08-08
487,3,11,74,1,1399.00,5.00,2024-08-10
488,3,21,80,1,2999.00,0.00,2024-08-11
489,3,16,35,1,1399.00,5.00,2024-08-13
490,3,14,41,2,399.00,10.00,2024-08-15
491,3,5,47,1,2799.00,0.00,2024-08-17
492,3,12,53,1,999.00,5.00,2024-08-18
493,3,25,59,2,149.00,0.00,2024-08-20
494,3,27,65,1,399.00,0.00,2024-08-22
495,3,19,71,1,649.00,5.00,2024-08-24
496,3,29,77,2,69.00,0.00,2024-08-25
497,3,20,33,1,279.00,0.00,2024-08-27
498,3,3,39,1,3199.00,0.00,2024-09-03
499,3,1,45,1,3999.00,5.00,2024-09-05
500,3,4,51,1,1699.00,0.00,2024-09-06
501,3,17,57,1,1099.00,5.00,2024-09-08
502,3,11,63,1,1399.00,0.00,2024-09-10
503,3,21,69,1,2999.00,5.00,2024-09-11
504,3,16,75,1,1399.00,0.00,2024-09-13
505,3,14,31,2,399.00,10.00,2024-09-15
506,3,5,37,1,2799.00,0.00,2024-09-17
507,3,12,43,1,999.00,5.00,2024-09-18
508,3,25,49,2,149.00,0.00,2024-09-20
509,3,27,55,1,399.00,0.00,2024-09-22
510,3,19,61,1,649.00,5.00,2024-09-24
511,3,30,67,2,89.00,0.00,2024-09-25
512,3,20,73,1,279.00,0.00,2024-09-27
513,3,3,79,1,3199.00,0.00,2024-10-03
514,3,1,34,1,3999.00,5.00,2024-10-05
515,3,4,40,1,1699.00,5.00,2024-10-06
516,3,17,46,1,1099.00,0.00,2024-10-08
517,3,11,52,1,1399.00,5.00,2024-10-10
518,3,21,58,1,2999.00,0.00,2024-10-11
519,3,16,64,1,1399.00,5.00,2024-10-13
520,3,14,70,2,399.00,10.00,2024-10-15
521,3,5,76,1,2799.00,0.00,2024-10-17
522,3,12,32,1,999.00,5.00,2024-10-18
523,3,25,38,2,149.00,0.00,2024-10-20
524,3,27,44,1,399.00,0.00,2024-10-22
525,3,19,50,1,649.00,5.00,2024-10-24
526,3,29,56,2,69.00,0.00,2024-10-25
527,3,20,62,1,279.00,0.00,2024-10-27
528,3,3,68,1,3199.00,10.00,2024-11-03
529,3,1,74,1,3999.00,5.00,2024-11-05
530,3,4,80,1,1699.00,10.00,2024-11-06
531,3,17,35,1,1099.00,5.00,2024-11-08
532,3,11,41,1,1399.00,5.00,2024-11-10
533,3,21,47,1,2999.00,10.00,2024-11-11
534,3,5,53,1,2799.00,5.00,2024-11-13
535,3,1,59,1,3999.00,15.00,2024-11-22
536,3,3,65,1,3199.00,15.00,2024-11-24
537,3,4,71,1,1699.00,15.00,2024-11-25
538,3,21,77,1,2999.00,10.00,2024-11-27
539,3,16,33,1,1399.00,10.00,2024-11-29
540,3,14,39,2,399.00,10.00,2024-11-30
541,3,3,45,1,3199.00,5.00,2024-12-03
542,3,1,51,1,3999.00,0.00,2024-12-05
543,3,4,57,1,1699.00,5.00,2024-12-06
544,3,17,63,1,1099.00,0.00,2024-12-08
545,3,11,69,1,1399.00,5.00,2024-12-10
546,3,21,75,1,2999.00,0.00,2024-12-11
547,3,16,31,1,1399.00,5.00,2024-12-13
548,3,14,37,1,399.00,0.00,2024-12-15
549,3,5,43,1,2799.00,5.00,2024-12-17
550,3,12,49,1,999.00,0.00,2024-12-18
551,3,25,55,2,149.00,0.00,2024-12-20
552,3,27,61,1,399.00,5.00,2024-12-22
553,3,29,67,2,69.00,0.00,2024-12-23
554,3,19,73,1,649.00,0.00,2024-12-26
555,3,20,79,1,279.00,5.00,2024-12-28
556,4,4,81,1,1599.00,5.00,2024-01-05
557,4,20,87,1,279.00,0.00,2024-01-09
558,4,11,93,1,1399.00,0.00,2024-01-13
559,4,25,99,2,149.00,0.00,2024-01-17
560,4,14,105,1,399.00,5.00,2024-01-21
561,4,27,111,1,399.00,0.00,2024-01-25
562,4,19,117,1,649.00,5.00,2024-01-29
563,4,4,82,1,1599.00,0.00,2024-02-04
564,4,1,88,1,3999.00,5.00,2024-02-08
565,4,11,94,1,1399.00,0.00,2024-02-12
566,4,16,100,1,1399.00,5.00,2024-02-16
567,4,25,106,2,149.00,0.00,2024-02-20
568,4,29,112,2,69.00,0.00,2024-02-24
569,4,20,118,1,279.00,0.00,2024-02-27
570,4,3,83,1,3199.00,0.00,2024-03-03
571,4,11,89,1,1399.00,5.00,2024-03-07
572,4,4,95,1,1599.00,0.00,2024-03-11
573,4,16,101,1,1399.00,5.00,2024-03-15
574,4,27,107,1,399.00,0.00,2024-03-19
575,4,14,113,2,399.00,10.00,2024-03-23
576,4,19,119,1,649.00,5.00,2024-03-27
577,4,25,84,2,149.00,0.00,2024-03-30
578,4,3,90,1,3199.00,5.00,2024-04-04
579,4,1,96,1,3999.00,0.00,2024-04-08
580,4,11,102,1,1399.00,5.00,2024-04-12
581,4,16,108,1,1399.00,0.00,2024-04-16
582,4,5,114,1,2799.00,5.00,2024-04-20
583,4,27,120,1,399.00,0.00,2024-04-24
584,4,20,85,1,279.00,0.00,2024-04-28
585,4,3,91,1,3199.00,0.00,2024-05-04
586,4,1,97,1,3999.00,5.00,2024-05-08
587,4,11,103,1,1399.00,0.00,2024-05-12
588,4,5,109,1,2799.00,5.00,2024-05-16
589,4,16,115,1,1399.00,0.00,2024-05-20
590,4,14,86,2,399.00,10.00,2024-05-24
591,4,25,92,2,149.00,0.00,2024-05-28
592,4,3,98,1,3199.00,5.00,2024-06-04
593,4,5,104,1,2799.00,0.00,2024-06-08
594,4,1,110,1,3999.00,5.00,2024-06-12
595,4,11,116,1,1399.00,0.00,2024-06-16
596,4,16,82,1,1399.00,5.00,2024-06-20
597,4,27,88,1,399.00,0.00,2024-06-24
598,4,14,94,1,399.00,5.00,2024-06-28
599,4,3,100,1,3199.00,5.00,2024-07-03
600,4,5,106,1,2799.00,0.00,2024-07-06
601,4,1,112,1,3999.00,0.00,2024-07-09
602,4,11,118,1,1399.00,5.00,2024-07-12
603,4,21,83,1,2999.00,5.00,2024-07-15
604,4,16,89,1,1399.00,0.00,2024-07-18
605,4,27,95,1,399.00,5.00,2024-07-21
606,4,3,101,1,3199.00,0.00,2024-07-24
607,4,14,107,2,399.00,10.00,2024-07-27
608,4,25,113,2,149.00,0.00,2024-07-30
609,4,3,119,1,3199.00,0.00,2024-08-02
610,4,5,84,1,2799.00,5.00,2024-08-05
611,4,1,90,1,3999.00,0.00,2024-08-08
612,4,21,96,1,2999.00,5.00,2024-08-11
613,4,11,102,1,1399.00,0.00,2024-08-14
614,4,16,108,1,1399.00,5.00,2024-08-17
615,4,3,114,1,3199.00,0.00,2024-08-20
616,4,27,120,1,399.00,5.00,2024-08-22
617,4,5,85,1,2799.00,0.00,2024-08-25
618,4,14,91,2,399.00,10.00,2024-08-28
619,4,25,97,2,149.00,0.00,2024-08-31
620,4,3,103,1,3199.00,5.00,2024-09-03
621,4,5,109,1,2799.00,0.00,2024-09-06
622,4,1,115,1,3999.00,0.00,2024-09-09
623,4,21,81,1,2999.00,5.00,2024-09-12
624,4,11,87,1,1399.00,0.00,2024-09-15
625,4,16,93,1,1399.00,5.00,2024-09-17
626,4,3,99,1,3199.00,0.00,2024-09-20
627,4,27,105,1,399.00,5.00,2024-09-22
628,4,5,111,1,2799.00,0.00,2024-09-25
629,4,14,117,2,399.00,10.00,2024-09-27
630,4,22,82,1,4399.00,5.00,2024-09-30
631,4,3,88,1,3199.00,0.00,2024-10-03
632,4,5,94,1,2799.00,5.00,2024-10-05
633,4,1,100,1,3999.00,0.00,2024-10-08
634,4,22,106,1,4399.00,5.00,2024-10-10
635,4,21,112,1,2999.00,5.00,2024-10-12
636,4,11,118,1,1399.00,0.00,2024-10-15
637,4,16,83,1,1399.00,5.00,2024-10-17
638,4,3,89,1,3199.00,0.00,2024-10-20
639,4,27,95,1,399.00,5.00,2024-10-22
640,4,5,101,1,2799.00,0.00,2024-10-25
641,4,14,107,1,399.00,10.00,2024-10-27
642,4,25,113,2,149.00,0.00,2024-10-30
643,4,3,119,1,3199.00,10.00,2024-11-03
644,4,5,84,1,2799.00,10.00,2024-11-06
645,4,1,90,1,3999.00,5.00,2024-11-08
646,4,22,96,1,4399.00,15.00,2024-11-11
647,4,21,102,1,2999.00,10.00,2024-11-13
648,4,3,108,1,3199.00,15.00,2024-11-22
649,4,5,114,1,2799.00,15.00,2024-11-24
650,4,1,120,1,3999.00,10.00,2024-11-25
651,4,22,85,1,4399.00,15.00,2024-11-27
652,4,16,91,1,1399.00,10.00,2024-11-29
653,4,11,97,1,1399.00,10.00,2024-11-30
654,4,3,103,1,3199.00,5.00,2024-12-03
655,4,5,109,1,2799.00,0.00,2024-12-05
656,4,1,115,1,3999.00,5.00,2024-12-07
657,4,22,81,1,4399.00,10.00,2024-12-09
658,4,21,87,1,2999.00,5.00,2024-12-11
659,4,3,93,1,3199.00,0.00,2024-12-13
660,4,11,99,1,1399.00,5.00,2024-12-15
661,4,16,105,1,1399.00,0.00,2024-12-17
662,4,27,111,1,399.00,5.00,2024-12-18
663,4,5,117,1,2799.00,0.00,2024-12-20
664,4,22,82,1,4399.00,5.00,2024-12-22
665,4,14,88,2,399.00,10.00,2024-12-23
666,4,25,94,2,149.00,0.00,2024-12-26
667,4,3,100,1,3199.00,5.00,2024-12-28
668,4,1,106,1,3999.00,0.00,2024-12-30
669,5,3,31,1,3199.00,0.00,2024-01-03
670,5,1,41,1,3999.00,5.00,2024-01-05
671,5,5,51,1,2799.00,0.00,2024-01-07
672,5,11,61,1,1399.00,5.00,2024-01-09
673,5,16,71,1,1399.00,0.00,2024-01-11
674,5,21,81,1,2999.00,5.00,2024-01-12
675,5,3,91,1,3199.00,0.00,2024-01-14
676,5,14,36,2,399.00,10.00,2024-01-16
677,5,27,46,1,399.00,0.00,2024-01-18
678,5,1,56,1,3999.00,5.00,2024-01-20
679,5,25,66,2,149.00,0.00,2024-01-21
680,5,5,76,1,2799.00,0.00,2024-01-23
681,5,17,86,1,1099.00,5.00,2024-01-25
682,5,12,96,1,999.00,0.00,2024-01-27
683,5,22,106,1,4399.00,5.00,2024-01-29
684,5,3,32,1,3199.00,5.00,2024-02-02
685,5,1,42,1,3999.00,0.00,2024-02-04
686,5,5,52,1,2799.00,5.00,2024-02-06
687,5,11,62,1,1399.00,0.00,2024-02-08
688,5,16,72,1,1399.00,5.00,2024-02-09
689,5,21,82,1,2999.00,0.00,2024-02-11
690,5,3,92,1,3199.00,5.00,2024-02-13
691,5,14,37,2,399.00,10.00,2024-02-15
692,5,27,47,1,399.00,0.00,2024-02-17
693,5,1,57,1,3999.00,5.00,2024-02-19
694,5,25,67,2,149.00,0.00,2024-02-20
695,5,5,77,1,2799.00,0.00,2024-02-22
696,5,12,87,1,999.00,5.00,2024-02-24
697,5,22,107,1,4399.00,5.00,2024-02-26
698,5,17,97,1,1099.00,0.00,2024-02-28
699,5,3,33,1,3199.00,0.00,2024-03-02
700,5,1,43,1,3999.00,5.00,2024-03-04
701,5,5,53,1,2799.00,0.00,2024-03-06
702,5,11,63,1,1399.00,5.00,2024-03-07
703,5,16,73,1,1399.00,0.00,2024-03-09
704,5,21,83,1,2999.00,5.00,2024-03-11
705,5,3,93,1,3199.00,0.00,2024-03-13
706,5,14,38,2,399.00,10.00,2024-03-15
707,5,1,48,1,3999.00,5.00,2024-03-17
708,5,25,58,2,149.00,0.00,2024-03-18
709,5,5,68,1,2799.00,0.00,2024-03-20
710,5,22,78,1,4399.00,5.00,2024-03-22
711,5,27,88,1,399.00,0.00,2024-03-24
712,5,17,98,1,1099.00,5.00,2024-03-26
713,5,12,108,1,999.00,0.00,2024-03-28
714,5,3,34,1,3199.00,0.00,2024-04-02
715,5,1,44,1,3999.00,5.00,2024-04-04
716,5,5,54,1,2799.00,0.00,2024-04-05
717,5,11,64,1,1399.00,5.00,2024-04-07
718,5,16,74,1,1399.00,0.00,2024-04-09
719,5,21,84,1,2999.00,5.00,2024-04-11
720,5,3,94,1,3199.00,0.00,2024-04-13
721,5,1,39,1,3999.00,5.00,2024-04-15
722,5,25,49,2,149.00,0.00,2024-04-16
723,5,5,59,1,2799.00,0.00,2024-04-18
724,5,22,69,1,4399.00,5.00,2024-04-20
725,5,27,79,1,399.00,0.00,2024-04-22
726,5,14,89,2,399.00,10.00,2024-04-24
727,5,12,99,1,999.00,5.00,2024-04-26
728,5,17,109,1,1099.00,0.00,2024-04-28
729,5,3,35,1,3199.00,5.00,2024-05-02
730,5,1,45,1,3999.00,0.00,2024-05-04
731,5,5,55,1,2799.00,5.00,2024-05-05
732,5,11,65,1,1399.00,0.00,2024-05-07
733,5,21,75,1,2999.00,5.00,2024-05-09
734,5,3,85,1,3199.00,0.00,2024-05-11
735,5,1,95,1,3999.00,5.00,2024-05-13
736,5,16,105,1,1399.00,0.00,2024-05-14
737,5,22,36,1,4399.00,5.00,2024-05-16
738,5,25,46,2,149.00,0.00,2024-05-18
739,5,14,56,2,399.00,10.00,2024-05-20
740,5,27,66,1,399.00,0.00,2024-05-22
741,5,12,76,1,999.00,5.00,2024-05-24
742,5,17,86,1,1099.00,0.00,2024-05-25
743,5,3,96,1,3199.00,0.00,2024-06-03
744,5,1,106,1,3999.00,5.00,2024-06-05
745,5,5,37,1,2799.00,0.00,2024-06-07
746,5,11,47,1,1399.00,5.00,2024-06-08
747,5,21,57,1,2999.00,0.00,2024-06-10
748,5,16,67,1,1399.00,5.00,2024-06-12
749,5,22,77,1,4399.00,5.00,2024-06-14
750,5,25,87,2,149.00,0.00,2024-06-15
751,5,14,97,1,399.00,5.00,2024-06-17
752,5,27,107,1,399.00,0.00,2024-06-19
753,5,12,32,1,999.00,5.00,2024-06-21
754,5,3,42,1,3199.00,0.00,2024-07-04
755,5,1,52,1,3999.00,5.00,2024-07-07
756,5,5,62,1,2799.00,0.00,2024-07-10
757,5,11,72,1,1399.00,5.00,2024-07-13
758,5,21,82,1,2999.00,0.00,2024-07-16
759,5,16,92,1,1399.00,5.00,2024-07-19
760,5,22,102,1,4399.00,5.00,2024-07-21
761,5,14,33,2,399.00,10.00,2024-07-24
762,5,17,43,1,1099.00,0.00,2024-07-27
763,5,3,53,1,3199.00,5.00,2024-08-04
764,5,1,63,1,3999.00,0.00,2024-08-08
765,5,5,73,1,2799.00,5.00,2024-08-11
766,5,11,83,1,1399.00,0.00,2024-08-15
767,5,21,93,1,2999.00,5.00,2024-08-18
768,5,16,103,1,1399.00,0.00,2024-08-21
769,5,14,34,1,399.00,5.00,2024-08-25
770,5,27,44,1,399.00,0.00,2024-08-28
771,5,3,54,1,3199.00,0.00,2024-09-05
772,5,1,64,1,3999.00,5.00,2024-09-09
773,5,5,74,1,2799.00,0.00,2024-09-13
774,5,11,84,1,1399.00,5.00,2024-09-16
775,5,21,94,1,2999.00,0.00,2024-09-20
776,5,22,104,1,4399.00,5.00,2024-09-23
777,5,16,35,1,1399.00,0.00,2024-09-27
778,5,3,45,1,3199.00,0.00,2024-10-06
779,5,1,55,1,3999.00,5.00,2024-10-10
780,5,5,65,1,2799.00,0.00,2024-10-14
781,5,11,75,1,1399.00,5.00,2024-10-18
782,5,21,85,1,2999.00,0.00,2024-10-22
783,5,16,95,1,1399.00,5.00,2024-10-25
784,5,3,105,1,3199.00,10.00,2024-11-06
785,5,1,36,1,3999.00,5.00,2024-11-10
786,5,5,46,1,2799.00,10.00,2024-11-15
787,5,3,56,1,3199.00,15.00,2024-11-22
788,5,1,66,1,3999.00,10.00,2024-11-25
789,5,21,76,1,2999.00,5.00,2024-11-29
790,5,3,86,1,3199.00,5.00,2024-12-06
791,5,1,96,1,3999.00,0.00,2024-12-10
792,5,5,106,1,2799.00,5.00,2024-12-14
793,5,11,37,1,1399.00,0.00,2024-12-18
794,5,21,47,1,2999.00,5.00,2024-12-22
795,5,16,57,1,1399.00,0.00,2024-12-27